id,first_name,last_name,age,email,gender,shirt_size,quantity
1,Fawne,Darycott,42,fdarycott0@themeforest.net,Male,M,4
2,Gabbie,Fawltey,42,gfawltey1@buzzfeed.com,Female,2XL,2
3,Jackelyn,Duffield,12,jduffield2@army.mil,Female,M,2
4,Jdavie,Scalera,22,jscalera3@tumblr.com,Female,XS,2
5,Carilyn,Molan,42,cmolan4@harvard.edu,Male,3XL,4
6,Marinna,Knowlys,12,mknowlys5@weibo.com,Male,L,1
7,Nikki,Scimonelli,22,nscimonelli6@narod.ru,Bigender,M,5
8,Grover,Harvey,32,gharvey7@nhs.uk,Female,M,3
9,Tonye,Kittredge,12,tkittredge8@wikia.com,Male,M,2
10,Jayme,Gelardi,42,jgelardi9@vkontakte.ru,Female,3XL,1
11,Seka,Zettler,12,szettlera@ucoz.ru,Male,XL,2
12,Ingaborg,Fidelus,42,ifidelusb@deviantart.com,Female,M,2
13,Denyse,MacWhan,12,dmacwhanc@virginia.edu,Male,3XL,4
14,Fay,Lowdeane,12,flowdeaned@wikispaces.com,Female,2XL,1
15,Dewey,Meijer,22,dmeijere@answers.com,Male,M,1
16,Diarmid,Salack,12,dsalackf@ed.gov,Female,XS,3
17,Alon,Antonsen,32,aantonseng@goo.ne.jp,Male,XS,5
18,Jarvis,Pepon,32,jpeponh@abc.net.au,Female,XS,3
19,Emyle,Meus,42,emeusi@accuweather.com,Female,XL,2
20,Lindy,Stapforth,32,lstapforthj@smugmug.com,Male,XS,1
21,Ross,Fenemore,32,rfenemorek@java.com,Female,XL,1
22,Robbert,Hurle,12,rhurlel@etsy.com,Female,M,1
23,Jobi,Abbati,12,jabbatim@oaic.gov.au,Female,L,1
24,Tito,Laytham,32,tlaythamn@ycombinator.com,Female,L,2
25,Lexis,Woodhams,12,lwoodhamso@utexas.edu,Male,2XL,1
26,Mata,Manuele,12,,,2XL,3
27,Garland,Garth,12,ggarthq@stanford.edu,Female,M,4
28,Siusan,Musson,12,smussonr@canalblog.com,Male,M,1
29,Con,Lonnon,12,clonnons@time.com,Female,3XL,1
30,Sheba,Guillon,32,sguillont@edublogs.org,Female,M,2
31,Read,Bendare,32,rbendareu@smh.com.au,Female,2XL,3
32,Gleda,Meller,32,gmellerv@wix.com,Male,S,3
33,Ole,Hulk,12,ohulkw@flavors.me,Female,L,1
34,Alvera,Overshott,32,aovershottx@redcross.org,Female,S,4
35,Westley,Eastman,12,weastmany@sohu.com,Male,2XL,2
36,Quinn,Colenutt,22,qcolenuttz@wp.com,Male,S,5
37,Titos,Strand,32,tstrand10@newsvine.com,Female,XL,2
38,Aimee,Heinish,12,aheinish11@harvard.edu,Female,2XL,2
39,Denys,Toderbrugge,12,dtoderbrugge12@a8.net,Male,L,4
40,Gav,Krysztowczyk,32,gkrysztowczyk13@rediff.com,Male,3XL,3
41,Miran,Rapson,32,mrapson14@mozilla.com,Male,M,3
42,Arlan,Calladine,42,acalladine15@joomla.org,Male,S,2
43,Lonnie,Stoakes,42,lstoakes16@japanpost.jp,Male,S,3
44,Gusta,Olander,42,golander17@shinystat.com,Male,2XL,4
45,Conrad,Kasparski,42,ckasparski18@weebly.com,Male,XS,1
46,Karl,Riquet,32,kriquet19@businesswire.com,Male,3XL,3
47,Hugo,Laughtisse,22,hlaughtisse1a@plala.or.jp,Male,S,1
48,Bren,Dyball,42,bdyball1b@scribd.com,Non-binary,2XL,3
49,Anderson,Proudley,32,aproudley1c@blogtalkradio.com,Female,S,3
50,Nerissa,Archell,12,,,3XL,3
51,Latisha,Conyers,42,lconyers1e@jiathis.com,Female,XL,3
52,Waly,Dempsey,12,wdempsey1f@boston.com,Male,2XL,5
53,Adina,Larchier,32,alarchier1g@ezinearticles.com,Male,S,3
54,Freda,Fludder,12,ffludder1h@washington.edu,Female,3XL,1
55,Lutero,Devoy,12,ldevoy1i@craigslist.org,Female,L,4
56,Salvatore,Burrows,32,sburrows1j@google.com.au,Female,2XL,1
57,Benedict,Bartel,32,bbartel1k@slashdot.org,Female,S,1
58,Gael,Bottrill,32,gbottrill1l@ca.gov,Female,XL,4
59,Stormie,Bacon,12,sbacon1m@craigslist.org,Male,XL,5
60,Raf,Seldon,32,rseldon1n@un.org,Female,S,2
61,Shea,Richold,12,srichold1o@so-net.ne.jp,Male,M,2
62,Alphonse,Cescoti,22,acescoti1p@tripadvisor.com,Female,3XL,1
63,Shirline,Kuhnke,12,skuhnke1q@scientificamerican.com,Female,XS,4
64,Tallia,Andriveau,32,tandriveau1r@foxnews.com,Male,S,3
65,Rebeca,Fritschmann,22,rfritschmann1s@meetup.com,Non-binary,2XL,1
66,Freddie,Humbert,12,fhumbert1t@webmd.com,Female,2XL,4
67,Laney,Huggill,42,lhuggill1u@google.fr,Male,2XL,4
68,Cherye,Kohtler,22,ckohtler1v@canalblog.com,Female,L,2
69,Shawn,Pickhaver,42,spickhaver1w@telegraph.co.uk,Female,2XL,4
70,Davidde,Tarbath,32,dtarbath1x@a8.net,Bigender,L,2
71,Ermanno,Strank,12,estrank1y@wired.com,Male,3XL,2
72,Berte,Hudghton,12,bhudghton1z@aol.com,Female,3XL,4
73,Klara,Burchess,42,kburchess20@xing.com,Genderfluid,S,5
74,Dun,Jude,42,djude21@sina.com.cn,Female,XL,1
75,Bern,Wolvey,32,bwolvey22@blog.com,Female,XS,4
76,Alfredo,Lochhead,22,alochhead23@hp.com,Female,L,1
77,Seumas,Osment,22,sosment24@globo.com,Non-binary,M,4
78,Jobyna,Waterland,32,jwaterland25@hatena.ne.jp,Female,XL,5
79,Alisa,Cobello,22,acobello26@nymag.com,Female,S,4
80,Jobyna,Copelli,22,jcopelli27@imageshack.us,Non-binary,3XL,4
81,Baxie,Danzey,42,bdanzey28@edublogs.org,Male,L,1
82,Blinni,McCambridge,42,bmccambridge29@thetimes.co.uk,Female,L,4
83,Pippo,Sudlow,12,psudlow2a@skyrock.com,Male,XS,3
84,Andriana,Cunde,22,acunde2b@shop-pro.jp,Male,M,4
85,Kermit,Belding,12,kbelding2c@cargocollective.com,Female,2XL,2
86,Cathrine,Cato,32,ccato2d@whitehouse.gov,Male,XL,2
87,Morse,Gudge,32,mgudge2e@hao123.com,Male,2XL,2
88,Skippie,Nulty,22,snulty2f@networksolutions.com,Female,3XL,5
89,Moira,Falls,12,mfalls2g@usa.gov,Male,3XL,4
90,Richmond,Menere,12,rmenere2h@joomla.org,Female,M,2
91,Yalonda,Fritche,22,yfritche2i@google.ru,Male,2XL,5
92,Curcio,Dukesbury,12,cdukesbury2j@jimdo.com,Male,L,5
93,Colin,Pitblado,12,cpitblado2k@photobucket.com,Male,XL,3
94,Terra,Feldhuhn,42,tfeldhuhn2l@cdc.gov,Female,XL,4
95,Legra,MacNair,22,lmacnair2m@fema.gov,Male,XS,1
96,Marthe,Stivey,22,mstivey2n@dmoz.org,Female,M,2
97,Hatty,Antosik,22,hantosik2o@nytimes.com,Female,M,4
98,Port,Nucci,32,pnucci2p@paypal.com,Female,XL,1
99,Hort,O'Logan,12,hologan2q@bloomberg.com,Female,M,2
100,Ginni,Tollet,12,gtollet2r@wikispaces.com,Female,S,3
101,Maryellen,Belch,22,mbelch2s@moonfruit.com,Polygender,S,5
102,Marijn,Rippon,22,mrippon2t@instagram.com,Female,M,1
103,Beatriz,Coldham,12,bcoldham2u@xinhuanet.com,Female,S,3
104,Harris,Castree,12,hcastree2v@nhs.uk,Polygender,L,5
105,Beverly,Tivolier,22,btivolier2w@xrea.com,Male,L,1
106,Eleonora,Redihalgh,12,eredihalgh2x@exblog.jp,Female,3XL,2
107,Carrie,McMonies,22,cmcmonies2y@berkeley.edu,Male,L,1
108,Lek,Seabright,22,lseabright2z@economist.com,Male,L,2
109,Ellette,Redish,22,eredish30@ca.gov,Female,M,1
110,Vinny,Bostock,32,vbostock31@livejournal.com,Male,XS,3
111,Doria,Hutable,32,dhutable32@soundcloud.com,Male,XS,3
112,Katie,Kubicka,32,kkubicka33@chronoengine.com,Male,3XL,1
113,Kermit,Elsmore,12,kelsmore34@gnu.org,Female,3XL,4
114,Laurene,Hollow,42,lhollow35@amazon.co.uk,Female,3XL,1
115,Karlee,Shwenn,12,kshwenn36@canalblog.com,Female,2XL,1
116,Jacky,Rosiello,42,jrosiello37@dyndns.org,Female,L,1
117,Clemmy,Bobasch,32,cbobasch38@friendfeed.com,Male,L,2
118,Lucas,Philipard,32,lphilipard39@last.fm,Female,XL,4
119,Georgeanna,Casaroli,12,gcasaroli3a@newyorker.com,Male,S,2
120,Franz,Soanes,22,fsoanes3b@newyorker.com,Male,3XL,3
121,Birk,Czadla,42,bczadla3c@dell.com,Female,L,3
122,Camey,Jerrim,22,cjerrim3d@topsy.com,Female,L,3
123,Roberta,Lugden,32,rlugden3e@ycombinator.com,Female,2XL,2
124,Kerrin,Gayne,12,kgayne3f@nsw.gov.au,Male,XL,4
125,Ruth,Spink,32,rspink3g@wunderground.com,Female,XL,2
126,Patrice,Tregenza,12,ptregenza3h@gizmodo.com,Polygender,L,5
127,Lorianne,Sandcroft,22,lsandcroft3i@paypal.com,Male,XS,2
128,Issi,Tiesman,12,itiesman3j@nsw.gov.au,Female,XL,3
129,Babs,Leaming,22,bleaming3k@nationalgeographic.com,Female,M,5
130,Zita,Rivitt,42,zrivitt3l@salon.com,Female,XS,4
131,Raynard,Piletic,12,rpiletic3m@yellowbook.com,Male,3XL,3
132,Sherye,Peckham,12,speckham3n@foxnews.com,Female,3XL,1
133,Joanie,Lowsely,12,jlowsely3o@adobe.com,Male,2XL,1
134,Tami,Reboul,32,treboul3p@house.gov,Female,XL,4
135,Juliann,Wiggall,42,jwiggall3q@symantec.com,Male,3XL,2
136,Anthia,Glavis,42,aglavis3r@acquirethisname.com,Genderqueer,XS,1
137,Lurette,Tyt,12,ltyt3s@ezinearticles.com,Female,2XL,4
138,Wanids,Dendle,42,wdendle3t@ucoz.ru,Male,2XL,2
139,Orel,Wight,22,owight3u@live.com,Male,L,2
140,Fancy,Schiesterl,12,fschiesterl3v@naver.com,Male,XS,3
141,Rebe,Pumfrey,12,rpumfrey3w@timesonline.co.uk,Polygender,3XL,3
142,Joshia,Broadberrie,12,jbroadberrie3x@sciencedaily.com,Male,L,3
143,Carly,Fotherby,22,cfotherby3y@tumblr.com,Male,3XL,1
144,Brenn,Husk,32,bhusk3z@umich.edu,Male,S,1
145,Gerek,Holah,12,gholah40@scribd.com,Female,3XL,2
146,Dulcine,Di Pietro,12,ddipietro41@goo.ne.jp,Female,XS,5
147,Lauretta,Lobley,32,llobley42@toplist.cz,Female,L,5
148,Katee,Magnay,42,kmagnay43@creativecommons.org,Female,XL,3
149,Michael,Darkin,12,mdarkin44@ihg.com,Female,XS,3
150,Ramsay,Pheasey,22,rpheasey45@vistaprint.com,Male,3XL,1
151,Ryun,O'Shea,12,roshea46@house.gov,Male,2XL,2
152,Bunni,Gregory,42,bgregory47@nydailynews.com,Male,XS,1
153,Jeanna,Mayman,12,jmayman48@soup.io,Male,3XL,2
154,Della,Girodias,22,dgirodias49@jimdo.com,Female,S,5
155,Romeo,Taylder,12,rtaylder4a@sbwire.com,Female,L,1
156,Page,Paulsen,32,ppaulsen4b@wordpress.com,Male,2XL,2
157,Rebeka,Petrussi,32,rpetrussi4c@webnode.com,Male,3XL,1
158,Ethelred,Muzzini,12,emuzzini4d@ted.com,Non-binary,XL,5
159,Jerri,Raddin,12,jraddin4e@tripadvisor.com,Male,3XL,4
160,Catie,Alloisi,22,calloisi4f@sitemeter.com,Male,M,3
161,Joane,Olkowicz,42,jolkowicz4g@indiegogo.com,Female,XS,3
162,Lenci,Girdler,32,lgirdler4h@51.la,Female,XL,2
163,Ronalda,Lowfill,22,rlowfill4i@artisteer.com,Female,S,1
164,Vidovic,Pashan,12,vpashan4j@netscape.com,Female,M,2
165,Adey,Radwell,32,aradwell4k@amazon.co.jp,Male,XS,3
166,Monti,Sprason,42,msprason4l@jalbum.net,Male,L,4
167,Zachery,Shilstone,32,zshilstone4m@utexas.edu,Female,XL,3
168,Rolph,Roscamps,32,rroscamps4n@dailymotion.com,Female,L,3
169,Rainer,Chatband,22,rchatband4o@tinypic.com,Female,XS,5
170,Ottilie,Balbeck,12,obalbeck4p@tuttocitta.it,Bigender,S,3
171,Bernarr,McParland,22,bmcparland4q@latimes.com,Male,2XL,1
172,Seana,Westhoff,12,swesthoff4r@scientificamerican.com,Female,3XL,1
173,Raddy,Seally,12,rseally4s@abc.net.au,Female,XS,3
174,Clem,Spurrier,12,cspurrier4t@qq.com,Female,XL,3
175,Rene,Dibden,12,rdibden4u@bandcamp.com,Male,L,5
176,Abagael,Beere,42,abeere4v@blog.com,Genderqueer,S,3
177,Sonny,Saiger,32,ssaiger4w@umich.edu,Female,L,2
178,Gaultiero,Boulton,12,gboulton4x@dailymail.co.uk,Male,XL,2
179,Cecelia,Tomasian,42,ctomasian4y@flickr.com,Male,3XL,2
180,Gan,Torrijos,12,gtorrijos4z@yellowpages.com,Bigender,S,4
181,Teodora,Ellwand,42,tellwand50@walmart.com,Female,S,1
182,Clemmie,Szwarc,22,cszwarc51@guardian.co.uk,Male,2XL,3
183,Enoch,Smythin,12,esmythin52@dailymotion.com,Female,S,2
184,Eldridge,Lydiate,42,elydiate53@ustream.tv,Male,XL,5
185,Marlon,Brachell,32,mbrachell54@google.com.hk,Female,3XL,3
186,Dela,Dutton,12,ddutton55@statcounter.com,Female,2XL,4
187,Darcie,Klyner,42,dklyner56@ebay.com,Male,M,5
188,Candace,Dubble,12,cdubble57@miibeian.gov.cn,Female,XL,4
189,Allie,Van Dalen,22,avandalen58@salon.com,Male,M,1
190,Stacey,Currington,22,scurrington59@jalbum.net,Female,M,1
191,Arley,Ikins,32,aikins5a@sakura.ne.jp,Female,L,3
192,Vanessa,Eliyahu,12,veliyahu5b@dagondesign.com,Female,S,5
193,Mil,Adnett,22,madnett5c@auda.org.au,Female,3XL,4
194,Dale,McWard,12,dmcward5d@networksolutions.com,Female,XS,3
195,Annalee,Smurfitt,32,asmurfitt5e@ycombinator.com,Male,M,5
196,Rubia,Watkiss,22,rwatkiss5f@bloglovin.com,Male,L,3
197,Britni,McCarrell,12,bmccarrell5g@themeforest.net,Male,XL,1
198,Morgen,Rotherforth,22,mrotherforth5h@de.vu,Non-binary,L,3
199,Sib,Nye,12,snye5i@google.com.hk,Male,3XL,1
200,Florance,Yves,22,fyves5j@discovery.com,Male,XS,5
201,Mariska,Duffy,12,mduffy5k@weibo.com,Female,S,1
202,Johnnie,Currington,12,jcurrington5l@indiatimes.com,Female,3XL,4
203,Marrissa,Derisly,22,mderisly5m@blogs.com,Female,M,4
204,Isador,Gheeorghie,12,igheeorghie5n@reuters.com,Male,3XL,4
205,Matthaeus,Shepherdson,22,mshepherdson5o@elegantthemes.com,Male,XL,5
206,Madelene,Stibbs,12,mstibbs5p@ucoz.ru,Male,M,5
207,Logan,Slesser,42,lslesser5q@economist.com,Female,L,3
208,Alard,Kobu,12,akobu5r@oaic.gov.au,Female,3XL,3
209,Yetta,Boissieux,12,yboissieux5s@yelp.com,Female,2XL,4
210,Calida,Dombrell,32,cdombrell5t@hud.gov,Male,2XL,2
211,Frederich,Kimber,12,fkimber5u@woothemes.com,Female,XL,1
212,Maressa,Cassey,22,mcassey5v@intel.com,Female,S,1
213,Otto,Mundy,22,omundy5w@canalblog.com,Female,2XL,3
214,Prisca,Hedgecock,22,phedgecock5x@foxnews.com,Male,3XL,4
215,Torr,Jorger,12,tjorger5y@pen.io,Female,L,4
216,Fanni,MacSkeaghan,12,fmacskeaghan5z@shareasale.com,Male,M,4
217,Neron,Weed,32,,,L,3
218,Glynda,Giurio,32,ggiurio61@ezinearticles.com,Female,XL,3
219,Alina,Shillabeer,22,ashillabeer62@jigsy.com,Genderqueer,XL,3
220,Ulrika,Bowdrey,42,ubowdrey63@unesco.org,Male,XL,1
221,Siusan,McMarquis,12,smcmarquis64@sina.com.cn,Female,L,5
222,Riki,Hendriks,42,rhendriks65@foxnews.com,Male,XL,1
223,Renard,Pinyon,12,rpinyon66@noaa.gov,Agender,L,3
224,Kahlil,Borless,32,kborless67@webs.com,Female,2XL,1
225,Gifford,Foakes,12,gfoakes68@mashable.com,Female,XS,2
226,Clemmie,Chittem,12,cchittem69@pagesperso-orange.fr,Female,XL,2
227,Earl,Acaster,32,eacaster6a@theguardian.com,Female,M,3
228,Pattie,Baldung,12,pbaldung6b@cbc.ca,Genderqueer,3XL,4
229,Mechelle,Hearfield,12,mhearfield6c@hud.gov,Female,XS,5
230,Sibyl,Paramore,32,sparamore6d@cyberchimps.com,Male,XL,1
231,Brynna,Edbrooke,22,bedbrooke6e@over-blog.com,Male,M,1
232,Marylinda,Upjohn,12,mupjohn6f@goodreads.com,Female,XL,2
233,Bradan,Ulrik,12,bulrik6g@biglobe.ne.jp,Female,3XL,1
234,Abbe,Tranmer,12,atranmer6h@de.vu,Female,3XL,5
235,Ilyssa,Galbreth,12,igalbreth6i@gizmodo.com,Female,XS,1
236,Norene,Remmer,12,nremmer6j@cam.ac.uk,Male,M,2
237,Tanhya,Moroney,12,tmoroney6k@mtv.com,Non-binary,M,3
238,Hurley,Vitet,22,hvitet6l@miitbeian.gov.cn,Female,M,1
239,Claus,Kingsnoad,22,ckingsnoad6m@163.com,Female,L,3
240,Bell,Genney,12,bgenney6n@samsung.com,Male,3XL,1
241,Tristan,Cowin,22,tcowin6o@mysql.com,Female,XS,1
242,Felita,Binham,12,fbinham6p@washingtonpost.com,Bigender,2XL,1
243,Mort,Pantone,12,mpantone6q@ox.ac.uk,Female,XS,4
244,Lind,Elham,12,lelham6r@nytimes.com,Genderqueer,XS,2
245,Abran,Costain,22,acostain6s@cdc.gov,Bigender,XL,2
246,Kassi,Flisher,12,kflisher6t@cbc.ca,Female,XS,1
247,Malissia,Asplen,22,masplen6u@buzzfeed.com,Female,XL,1
248,Rolando,Kobelt,12,rkobelt6v@stanford.edu,Female,XS,1
249,Hyatt,Pach,12,hpach6w@marriott.com,Male,XS,1
250,Godfry,Pien,12,gpien6x@imageshack.us,Male,M,3
251,Bessy,Attoe,22,battoe6y@shinystat.com,Male,S,3
252,Nari,Harly,32,nharly6z@fastcompany.com,Female,2XL,4
253,Kat,Henighan,12,khenighan70@netscape.com,Female,M,4
254,Wendeline,Noice,12,wnoice71@addthis.com,Female,2XL,4
255,Kinny,Ditzel,42,kditzel72@senate.gov,Female,S,2
256,Yul,Richardes,12,yrichardes73@mail.ru,Male,3XL,1
257,Elianora,O'Corrin,12,eocorrin74@mail.ru,Male,3XL,1
258,Odo,Andrioni,12,oandrioni75@shinystat.com,Female,S,4
259,Jdavie,McClifferty,42,jmcclifferty76@ucoz.ru,Female,2XL,1
260,Gae,Sandeson,32,gsandeson77@youku.com,Female,M,4
261,Theodor,Colbert,12,tcolbert78@jiathis.com,Female,S,2
262,Richie,Dedam,22,rdedam79@imdb.com,Male,2XL,1
263,Aloisia,Passman,32,apassman7a@angelfire.com,Male,2XL,4
264,Rhodia,Myatt,22,rmyatt7b@cpanel.net,Genderqueer,S,1
265,Dimitri,Liversedge,22,dliversedge7c@blogtalkradio.com,Female,L,3
266,Roger,Vasse,32,rvasse7d@addthis.com,Female,S,4
267,Eben,Perillio,12,eperillio7e@wordpress.com,Non-binary,XS,4
268,Cori,Sahlstrom,32,csahlstrom7f@fotki.com,Male,XS,1
269,Karim,Manns,12,kmanns7g@latimes.com,Female,XL,3
270,Kellby,Bindley,12,,,3XL,2
271,Matti,Macellar,12,mmacellar7i@godaddy.com,Male,M,4
272,Zollie,Rontsch,22,zrontsch7j@redcross.org,Female,XS,4
273,Dacia,Crinion,12,dcrinion7k@topsy.com,Male,XL,5
274,Auberta,Ernke,32,aernke7l@dot.gov,Female,XS,2
275,Germain,Kear,42,gkear7m@amazon.com,Male,S,5
276,Rickard,Dronsfield,12,rdronsfield7n@addthis.com,Female,3XL,2
277,Cyrillus,Iannuzzi,32,ciannuzzi7o@macromedia.com,Female,S,3
278,Clarabelle,Murrhardt,12,cmurrhardt7p@chronoengine.com,Female,2XL,1
279,Fleur,Penniall,12,fpenniall7q@jalbum.net,Male,2XL,5
280,Joey,Lygo,42,jlygo7r@comcast.net,Bigender,2XL,2
281,Cassy,Saggs,32,csaggs7s@live.com,Female,3XL,1
282,Cristobal,Riep,12,criep7t@csmonitor.com,Male,3XL,1
283,Anjanette,Palfrie,12,apalfrie7u@yolasite.com,Male,2XL,4
284,Dalis,Penwright,12,dpenwright7v@smh.com.au,Male,2XL,4
285,Amii,Stallebrass,12,astallebrass7w@china.com.cn,Male,2XL,1
286,Abbe,Robathon,42,arobathon7x@fastcompany.com,Polygender,S,4
287,Deloris,Harragin,12,dharragin7y@friendfeed.com,Female,M,3
288,Guthrie,Mongeot,42,gmongeot7z@ycombinator.com,Female,3XL,4
289,Storm,Cuell,22,scuell80@oaic.gov.au,Male,XL,3
290,Maryellen,O'Lagen,42,molagen81@soup.io,Male,XL,4
291,Angelico,Davidovich,42,adavidovich82@marketwatch.com,Genderqueer,XS,5
292,Nydia,Scoone,42,nscoone83@wired.com,Male,S,4
293,Whitney,Founds,32,wfounds84@disqus.com,Male,M,5
294,Harlin,Staniland,42,hstaniland85@google.de,Male,2XL,3
295,Tedman,Bosma,12,tbosma86@privacy.gov.au,Male,2XL,1
296,Maren,Stelfax,12,mstelfax87@time.com,Female,3XL,1
297,Tatum,Hurren,12,thurren88@mail.ru,Female,3XL,1
298,Gonzales,Crichmer,12,,,2XL,2
299,Jarid,Bonn,12,jbonn8a@mapy.cz,Male,XL,5
300,Morry,Medforth,42,mmedforth8b@mtv.com,Male,M,1
301,Meir,Harness,12,mharness8c@adobe.com,Male,XS,4
302,Beret,Newcom,42,bnewcom8d@webmd.com,Female,XS,3
303,Zaccaria,Harverson,32,zharverson8e@fema.gov,Male,L,1
304,Kipp,Canedo,32,kcanedo8f@ow.ly,Female,XS,1
305,Rubi,Newbury,42,rnewbury8g@reddit.com,Female,XS,4
306,Rube,Oglevie,32,roglevie8h@youtube.com,Female,XL,3
307,Jeanine,Kuhwald,32,jkuhwald8i@sfgate.com,Male,XL,4
308,Dodi,Duffitt,12,dduffitt8j@jalbum.net,Female,2XL,5
309,Thane,Slyne,12,tslyne8k@businesswire.com,Female,XL,2
310,Addison,Osborn,12,aosborn8l@tinyurl.com,Male,XL,1
311,Sukey,Thewys,22,sthewys8m@acquirethisname.com,Genderqueer,L,3
312,Elfrida,Terzi,12,eterzi8n@reuters.com,Genderfluid,M,1
313,Bing,Novelli,32,bnovelli8o@jimdo.com,Female,XL,1
314,Loralyn,Gidney,22,lgidney8p@wix.com,Female,L,3
315,Roy,Jackalin,42,rjackalin8q@hhs.gov,Male,2XL,1
316,Christophe,Winterson,22,cwinterson8r@soup.io,Female,M,4
317,Bondon,Morgon,22,bmorgon8s@mysql.com,Male,L,3
318,Jere,Le Strange,42,jlestrange8t@plala.or.jp,Male,XS,2
319,Elene,Fletcher,12,,,XS,4
320,Ariel,Gresly,12,agresly8v@usatoday.com,Female,XL,3
321,Nichol,Baford,22,nbaford8w@state.gov,Male,XL,5
322,Clo,Rossiter,32,crossiter8x@tiny.cc,Genderqueer,S,3
323,Florrie,Ebbett,12,febbett8y@yahoo.co.jp,Male,M,2
324,Lyssa,Tyndall,42,ltyndall8z@mlb.com,Male,XS,1
325,Derrick,Sudran,12,dsudran90@spotify.com,Genderqueer,XL,5
326,Emlynn,McMillam,22,emcmillam91@uol.com.br,Female,M,4
327,Khalil,Milner,12,kmilner92@un.org,Male,M,4
328,Hetti,Licquorish,12,hlicquorish93@archive.org,Female,XL,4
329,Ginnifer,Fannon,42,gfannon94@networkadvertising.org,Male,L,5
330,Ingar,Winley,12,iwinley95@latimes.com,Female,M,5
331,Helaina,Opfer,12,hopfer96@state.gov,Female,M,1
332,Jeanie,Edmed,12,jedmed97@time.com,Polygender,L,1
333,Loydie,McNally,32,lmcnally98@nba.com,Genderfluid,S,4
334,Berkeley,Giorgiutti,42,bgiorgiutti99@networksolutions.com,Male,S,2
335,Hugo,Ridolfo,32,hridolfo9a@pcworld.com,Male,M,4
336,Lisle,Gabotti,12,lgabotti9b@chicagotribune.com,Female,S,1
337,Mick,Penberthy,22,mpenberthy9c@yahoo.co.jp,Female,S,3
338,Marcy,Crafter,42,mcrafter9d@ft.com,Male,2XL,2
339,Isabelle,Aspinal,22,iaspinal9e@elegantthemes.com,Male,L,5
340,Josiah,Trevers,12,jtrevers9f@netscape.com,Female,XL,3
341,Heddie,Sallenger,32,hsallenger9g@wired.com,Bigender,XS,4
342,Clair,Tarling,32,ctarling9h@odnoklassniki.ru,Female,3XL,3
343,Octavius,Hundall,32,ohundall9i@google.com.hk,Genderfluid,L,1
344,Kendricks,Janoch,12,kjanoch9j@cnn.com,Male,XS,4
345,Isidore,Toffalo,22,itoffalo9k@meetup.com,Female,L,2
346,Tanny,Harroway,22,tharroway9l@storify.com,Male,XL,1
347,Ekaterina,Daw,12,edaw9m@mit.edu,Male,M,1
348,Jacquelin,Vesque,32,jvesque9n@wix.com,Male,XS,5
349,April,Kynett,32,akynett9o@cargocollective.com,Female,XS,3
350,Des,Touson,32,dtouson9p@go.com,Genderqueer,S,3
351,George,Shervil,42,gshervil9q@cdbaby.com,Bigender,M,4
352,Pip,Kasparski,12,pkasparski9r@pcworld.com,Female,M,4
353,Heath,McClounan,12,hmcclounan9s@msn.com,Female,XL,2
354,Reinaldos,Dalinder,32,rdalinder9t@typepad.com,Female,3XL,1
355,Nahum,Gobert,32,ngobert9u@ebay.com,Female,M,2
356,Ker,Adriaan,42,kadriaan9v@google.com.br,Female,XS,4
357,Elfie,Egalton,22,eegalton9w@geocities.com,Male,XL,1
358,Briana,Kaufman,12,bkaufman9x@homestead.com,Female,L,2
359,Lori,Gove,12,lgove9y@weather.com,Male,S,1
360,Melamie,Kevlin,32,,,3XL,4
361,Fleming,Lumm,12,flumma0@google.com.hk,Genderqueer,S,1
362,Murial,Bracher,32,mbrachera1@barnesandnoble.com,Male,2XL,2
363,Hill,Andino,42,handinoa2@reddit.com,Female,3XL,1
364,Raffarty,Thibodeaux,32,rthibodeauxa3@vkontakte.ru,Female,3XL,3
365,Garth,Sustins,32,gsustinsa4@nhs.uk,Female,L,1
366,Elliot,Pavolini,42,epavolinia5@cpanel.net,Female,S,3
367,Danielle,Breadmore,32,dbreadmorea6@msn.com,Bigender,2XL,1
368,Kamila,Brimilcombe,12,kbrimilcombea7@last.fm,Male,XS,1
369,Albertina,Cowell,22,acowella8@google.es,Male,XS,1
370,Larina,Burditt,12,lburditta9@livejournal.com,Female,3XL,1
371,Danette,Phythean,12,dphytheanaa@joomla.org,Female,XL,2
372,Ethelbert,MacCoughan,12,emaccoughanab@huffingtonpost.com,Female,XS,4
373,Erhard,Ingilson,32,eingilsonac@jigsy.com,Polygender,3XL,3
374,Molly,Robarts,22,mrobartsad@webnode.com,Male,XL,1
375,Chantal,Kedward,42,ckedwardae@lulu.com,Male,S,4
376,Dorry,Krug,12,dkrugaf@spotify.com,Male,XS,2
377,Sherwood,Baskeyfied,22,sbaskeyfiedag@guardian.co.uk,Polygender,M,5
378,Maryellen,Hartington,42,mhartingtonah@woothemes.com,Male,XS,1
379,Stanleigh,Olerenshaw,22,solerenshawai@who.int,Male,L,4
380,Kerrie,Maskall,12,kmaskallaj@yandex.ru,Male,XL,1
381,Melesa,Dewbury,32,mdewburyak@cafepress.com,Male,XL,1
382,Meredeth,Papaccio,22,mpapaccioal@hao123.com,Male,L,1
383,Traver,Vautre,22,tvautream@moonfruit.com,Female,XS,4
384,Daryl,Edgerley,12,dedgerleyan@seattletimes.com,Female,L,4
385,Yovonnda,Balthasar,42,ybalthasarao@chicagotribune.com,Male,3XL,2
386,Ashby,Eltringham,12,aeltringhamap@tripod.com,Male,2XL,5
387,Tadd,Jakeway,22,tjakewayaq@sourceforge.net,Female,S,1
388,Ellette,Blague,32,eblaguear@amazonaws.com,Male,M,2
389,Gabriell,Chamberlin,32,gchamberlinas@samsung.com,Female,3XL,1
390,Yolande,Zannotti,42,yzannottiat@bloglovin.com,Female,2XL,3
391,Viole,Prier,12,vprierau@fema.gov,Female,3XL,4
392,Gerek,Baff,22,gbaffav@tuttocitta.it,Male,XS,2
393,Clifford,Gaber,12,cgaberaw@a8.net,Female,S,2
394,Claudelle,Conradie,32,cconradieax@mozilla.org,Female,L,4
395,Shell,Creyke,22,screykeay@fc2.com,Male,XL,3
396,Daisi,Redd,12,dreddaz@histats.com,Male,S,4
397,Worth,De Cruce,22,wdecruceb0@illinois.edu,Male,2XL,4
398,Nobe,Weaving,42,nweavingb1@examiner.com,Male,3XL,3
399,Neal,Giddons,12,ngiddonsb2@arizona.edu,Female,M,3
400,Artur,Lainge,12,alaingeb3@wordpress.com,Male,2XL,1
401,Bourke,Hosier,42,bhosierb4@meetup.com,Female,XS,4
402,Lucias,Varden,22,lvardenb5@abc.net.au,Female,S,3
403,Fianna,Hagyard,42,fhagyardb6@rambler.ru,Male,3XL,4
404,Zedekiah,Strugnell,12,zstrugnellb7@newyorker.com,Female,M,4
405,Consolata,Brumble,42,cbrumbleb8@cbsnews.com,Male,S,3
406,Latrena,Rolse,42,lrolseb9@spotify.com,Male,S,5
407,Ginny,Furmage,12,gfurmageba@abc.net.au,Male,XS,1
408,Monique,Willingam,42,mwillingambb@engadget.com,Non-binary,2XL,3
409,Luisa,Duignan,22,lduignanbc@exblog.jp,Male,XL,1
410,Lou,Hercock,32,lhercockbd@abc.net.au,Female,S,2
411,Ambur,Lambertazzi,12,alambertazzibe@moonfruit.com,Non-binary,XS,1
412,Reinald,Tran,32,rtranbf@posterous.com,Female,XS,3
413,Olympia,Beri,12,,,L,3
414,Jehanna,Pinck,32,jpinckbh@aol.com,Agender,XL,1
415,Wheeler,Breydin,12,wbreydinbi@yellowpages.com,Female,XL,3
416,Gratia,Litherland,32,glitherlandbj@tuttocitta.it,Male,L,1
417,Pietra,Liddy,12,pliddybk@phpbb.com,Male,2XL,1
418,Christiana,Darell,32,cdarellbl@jalbum.net,Genderfluid,XL,1
419,Claybourne,Camilletti,22,ccamillettibm@shutterfly.com,Male,L,1
420,Arnaldo,Langelaan,12,alangelaanbn@ed.gov,Female,S,4
421,Jessika,Cluer,12,jcluerbo@altervista.org,Female,S,5
422,Gustaf,Mabbs,12,gmabbsbp@dyndns.org,Genderqueer,XL,1
423,Livy,Flavelle,12,lflavellebq@uol.com.br,Female,XS,3
424,Omero,Gillis,42,ogillisbr@nifty.com,Male,3XL,3
425,Meaghan,MacLaren,12,mmaclarenbs@spiegel.de,Female,M,4
426,Marlowe,Anthonsen,32,manthonsenbt@taobao.com,Male,2XL,1
427,Hank,Enos,12,henosbu@wp.com,Female,3XL,1
428,Marline,Danne,12,mdannebv@wufoo.com,Male,3XL,3
429,Ursulina,Stanfield,12,ustanfieldbw@ameblo.jp,Male,L,1
430,Robert,Plumridge,32,rplumridgebx@homestead.com,Male,2XL,1
431,Connie,Jaimez,12,cjaimezby@va.gov,Genderfluid,L,2
432,Free,Whapham,42,fwhaphambz@scribd.com,Genderfluid,2XL,3
433,York,Linzee,12,ylinzeec0@blinklist.com,Female,XL,3
434,Tucky,Climie,32,tclimiec1@tiny.cc,Female,M,3
435,Jdavie,Manoch,32,jmanochc2@trellian.com,Male,2XL,3
436,Jessica,Edie,22,jediec3@msn.com,Male,XS,3
437,Marget,Barfoot,12,mbarfootc4@ucoz.ru,Male,XL,4
438,Bran,Benazet,42,bbenazetc5@shutterfly.com,Male,XL,1
439,Cazzie,Beggs,12,cbeggsc6@mediafire.com,Male,XL,1
440,Mose,O'Cassidy,22,mocassidyc7@wiley.com,Male,2XL,3
441,Addison,Paladino,12,apaladinoc8@pbs.org,Female,S,1
442,Lonee,Kilban,12,lkilbanc9@nba.com,Non-binary,L,3
443,Ida,Egerton,12,iegertonca@blogger.com,Female,S,2
444,Loreen,Harkins,32,lharkinscb@elpais.com,Genderfluid,S,4
445,Gonzalo,Belshaw,32,gbelshawcc@vistaprint.com,Male,L,4
446,Devin,Messam,12,dmessamcd@wunderground.com,Male,XS,4
447,Rosaline,Swateridge,42,rswateridgece@blogs.com,Female,XS,2
448,Rea,Allcock,22,rallcockcf@amazonaws.com,Male,S,1
449,Calhoun,Kissell,12,ckissellcg@sourceforge.net,Female,L,4
450,Maryjane,Gillogley,32,mgillogleych@forbes.com,Male,3XL,2
451,Ambrosius,Vaan,22,avaanci@hao123.com,Male,2XL,3
452,Darnall,Ucchino,12,ducchinocj@apache.org,Male,S,4
453,Ky,Kalinsky,42,kkalinskyck@reuters.com,Female,M,3
454,Ofelia,Mack,42,omackcl@gravatar.com,Male,XL,3
455,Gallard,Roo,22,groocm@craigslist.org,Male,2XL,5
456,Ansley,Geillier,12,ageilliercn@huffingtonpost.com,Female,M,5
457,Ivette,Dafforne,32,idafforneco@engadget.com,Female,3XL,3
458,Katha,Tooting,32,ktootingcp@gov.uk,Male,M,1
459,Dalli,Sokell,32,dsokellcq@biblegateway.com,Male,S,1
460,Issiah,Kohter,22,ikohtercr@newsvine.com,Female,XL,1
461,Friederike,Villa,12,fvillacs@lulu.com,Male,M,3
462,Hewett,Poxson,32,hpoxsonct@sourceforge.net,Female,2XL,4
463,Kass,Wreford,12,kwrefordcu@1und1.de,Male,3XL,1
464,Bette-ann,Shurmore,12,bshurmorecv@cdc.gov,Male,3XL,1
465,Annabal,Blackboro,42,ablackborocw@dagondesign.com,Female,XS,1
466,Fayette,Tavernor,22,ftavernorcx@ibm.com,Female,2XL,1
467,Agosto,Baudesson,42,abaudessoncy@e-recht24.de,Male,3XL,4
468,Danny,Jelf,12,djelfcz@chron.com,Male,M,2
469,Ceil,Knock,22,cknockd0@redcross.org,Female,XL,2
470,Roanna,Iskower,42,riskowerd1@stanford.edu,Female,2XL,1
471,Osbourne,Rodenhurst,12,orodenhurstd2@usnews.com,Female,3XL,2
472,Cordelia,Fores,42,cforesd3@telegraph.co.uk,Female,XS,4
473,Osgood,Gircke,22,ogircked4@house.gov,Female,M,4
474,Franciskus,Border,42,fborderd5@tiny.cc,Male,2XL,1
475,Sutherlan,Whiteford,32,swhitefordd6@upenn.edu,Male,XS,1
476,Jack,Preshous,12,jpreshousd7@wsj.com,Female,L,1
477,Vinnie,Gaspero,12,vgasperod8@stumbleupon.com,Female,S,1
478,Zachariah,Choldcroft,12,zcholdcroftd9@spiegel.de,Female,M,1
479,Leola,Hamlyn,12,lhamlynda@twitpic.com,Female,3XL,3
480,Wilmar,Punchard,22,wpuncharddb@shop-pro.jp,Male,XL,4
481,Nahum,Walton,12,nwaltondc@amazon.co.jp,Female,L,2
482,Shaina,Mangeon,12,smangeondd@samsung.com,Male,S,3
483,Ed,Adamoli,32,eadamolide@so-net.ne.jp,Male,S,1
484,Sabrina,Gandy,32,sgandydf@naver.com,Female,2XL,2
485,Fawn,Lear,32,fleardg@artisteer.com,Male,XL,1
486,Chad,Mathy,32,cmathydh@techcrunch.com,Agender,3XL,1
487,Lou,Eisold,42,leisolddi@bravesites.com,Female,M,4
488,Edouard,Curston,32,ecurstondj@moonfruit.com,Male,XL,1
489,Lilas,Dollen,42,ldollendk@fastcompany.com,Female,S,4
490,Nevile,Rous,22,nrousdl@dailymail.co.uk,Female,S,3
491,Frankie,Shapcote,12,fshapcotedm@123-reg.co.uk,Male,3XL,5
492,Elspeth,Schieferstein,42,eschiefersteindn@java.com,Male,M,2
493,Melody,Mowett,22,mmowettdo@telegraph.co.uk,Female,S,4
494,Olwen,Deek,32,odeekdp@yahoo.com,Non-binary,S,1
495,Carlin,Mathes,12,cmathesdq@utexas.edu,Female,XS,1
496,Zeke,Pettipher,12,zpettipherdr@rambler.ru,Female,2XL,3
497,Jonell,Burden,32,jburdends@discovery.com,Female,S,4
498,Cordelie,Gabrieli,12,cgabrielidt@msu.edu,Female,L,3
499,Francesca,Hinckesman,42,fhinckesmandu@google.co.uk,Male,XS,2
500,Jeth,Ethersey,22,jetherseydv@cafepress.com,Male,M,4
501,Nicolas,Wadman,12,nwadmandw@sciencedaily.com,Female,L,1
502,Clarance,Jaze,12,cjazedx@sciencedirect.com,Female,M,4
503,Candie,Cavolini,42,ccavolinidy@constantcontact.com,Male,XS,3
504,Dari,Stain,22,dstaindz@umn.edu,Female,XS,3
505,Elysee,Hadgraft,22,ehadgrafte0@csmonitor.com,Female,M,2
506,Nevin,Elvy,32,nelvye1@craigslist.org,Male,XL,2
507,Morris,Sheivels,12,msheivelse2@ifeng.com,Female,XL,1
508,Faunie,Kennifick,42,fkennificke3@mozilla.com,Male,2XL,5
509,Eugenius,Rollins,12,erollinse4@adobe.com,Female,XS,2
510,Axel,Boomes,42,aboomese5@omniture.com,Male,M,2
511,Ceil,Fairhead,22,cfairheade6@arstechnica.com,Female,XL,2
512,Cathryn,Koppeck,22,ckoppecke7@home.pl,Female,2XL,4
513,Conney,Filippov,12,cfilippove8@wordpress.com,Male,M,3
514,Myra,Ferenczi,42,mferenczie9@va.gov,Female,3XL,1
515,Devina,Tapper,32,dtapperea@paginegialle.it,Female,S,4
516,Cherey,McIlvaney,32,cmcilvaneyeb@domainmarket.com,Male,XS,4
517,Kristian,Candie,32,kcandieec@deviantart.com,Male,2XL,4
518,Melli,Dell'Abbate,42,mdellabbateed@macromedia.com,Female,XL,1
519,Clementius,Ohanessian,42,cohanessianee@paginegialle.it,Female,2XL,2
520,Petrina,Mityukov,12,pmityukovef@fda.gov,Male,XL,1
521,Lorene,Coyte,12,lcoyteeg@miitbeian.gov.cn,Male,XL,1
522,Bran,Stanley,12,bstanleyeh@goo.ne.jp,Non-binary,XL,4
523,Nicolai,Corp,32,ncorpei@opensource.org,Female,XS,2
524,Dido,Bakhrushkin,42,dbakhrushkinej@g.co,Male,2XL,1
525,Crista,Connett,32,cconnettek@flickr.com,Agender,2XL,1
526,Lilah,Baiden,12,lbaidenel@sfgate.com,Male,L,4
527,Peria,Thwaite,32,pthwaiteem@tinypic.com,Female,3XL,3
528,Laure,Darby,12,ldarbyen@infoseek.co.jp,Male,XL,2
529,Teador,Hamley,12,thamleyeo@xinhuanet.com,Female,2XL,4
530,Margot,Coleridge,42,mcoleridgeep@youtu.be,Genderqueer,XS,4
531,Mona,Lismer,12,mlismereq@mozilla.org,Male,3XL,1
532,Web,Craine,22,wcraineer@cdbaby.com,Agender,XL,2
533,Luke,Westwater,12,lwestwateres@gmpg.org,Female,XL,1
534,Rance,Lyndon,32,rlyndonet@angelfire.com,Male,XS,1
535,Gae,Roth,12,grotheu@admin.ch,Male,3XL,4
536,Sela,Cranstoun,22,scranstounev@soundcloud.com,Male,2XL,2
537,Hobie,Whisby,12,hwhisbyew@sohu.com,Female,M,3
538,Isacco,Bolter,12,ibolterex@reverbnation.com,Male,S,2
539,Madge,Twittey,42,mtwitteyey@google.de,Polygender,L,4
540,Herc,Kristoffersen,12,hkristoffersenez@nationalgeographic.com,Female,XS,2
541,Jodie,Proudlove,42,jproudlovef0@springer.com,Female,XL,5
542,Zitella,Tirone,42,ztironef1@bigcartel.com,Female,L,1
543,Hal,Axtonne,12,haxtonnef2@miitbeian.gov.cn,Female,XL,1
544,Kyle,Biernat,42,kbiernatf3@wufoo.com,Female,XL,4
545,Hercules,Shaxby,32,hshaxbyf4@aboutads.info,Male,S,4
546,Pamella,Goodee,42,pgoodeef5@ca.gov,Female,XS,2
547,Goldarina,Chicotti,42,gchicottif6@hostgator.com,Male,L,4
548,Georg,Hessing,12,ghessingf7@qq.com,Female,2XL,2
549,Wilburt,Thurner,42,wthurnerf8@wsj.com,Male,M,2
550,Isahella,Binning,32,ibinningf9@blogtalkradio.com,Male,3XL,1
551,Kimmy,Faire,42,kfairefa@sitemeter.com,Male,2XL,2
552,Gaylor,Chown,32,gchownfb@geocities.com,Female,XL,3
553,Kerianne,Bick,22,kbickfc@reverbnation.com,Male,S,1
554,Fiann,Rowney,32,frowneyfd@comsenz.com,Female,M,1
555,Marta,Sparke,12,msparkefe@comsenz.com,Female,XL,5
556,Libbey,Pratty,32,lprattyff@yelp.com,Male,S,1
557,Melicent,Ilyasov,42,milyasovfg@so-net.ne.jp,Female,XL,4
558,Gweneth,Eadmead,32,geadmeadfh@squarespace.com,Female,3XL,1
559,Forster,Swyer,22,fswyerfi@ted.com,Male,XL,4
560,Cherlyn,Gallemore,12,cgallemorefj@pcworld.com,Female,L,2
561,Conroy,Awin,12,cawinfk@prweb.com,Male,S,5
562,Allayne,Kwietek,32,akwietekfl@irs.gov,Bigender,L,5
563,Orrin,Faro,12,ofarofm@noaa.gov,Male,L,1
564,Xavier,Mc Coughan,22,xmccoughanfn@printfriendly.com,Female,S,2
565,Letitia,Earle,22,learlefo@about.com,Female,2XL,1
566,Tobey,Coumbe,12,tcoumbefp@nih.gov,Male,2XL,2
567,Riordan,Melpuss,12,rmelpussfq@sphinn.com,Male,S,3
568,Rodrigo,Ply,32,rplyfr@vinaora.com,Agender,3XL,3
569,Conny,Chipperfield,42,cchipperfieldfs@utexas.edu,Male,XS,4
570,Britte,Dubbin,12,bdubbinft@slate.com,Male,2XL,3
571,Swen,MacKettrick,42,smackettrickfu@virginia.edu,Female,L,4
572,Cathryn,Charters,12,cchartersfv@nationalgeographic.com,Female,2XL,2
573,Paola,Farleigh,32,pfarleighfw@epa.gov,Male,3XL,5
574,Codi,McElrath,12,cmcelrathfx@wikipedia.org,Female,XS,3
575,Cesaro,Hufton,32,chuftonfy@cyberchimps.com,Male,2XL,2
576,Batholomew,Rakestraw,12,brakestrawfz@prweb.com,Male,M,1
577,Gaelan,Cawood,32,gcawoodg0@about.me,Female,2XL,1
578,Katleen,Wheelhouse,12,,,XL,1
579,Heidi,McCluskey,22,hmccluskeyg2@scribd.com,Female,S,3
580,Madelaine,Hugett,42,mhugettg3@unc.edu,Female,L,3
581,Bearnard,Bizzey,12,bbizzeyg4@auda.org.au,Female,XS,3
582,Jethro,Kaley,32,jkaleyg5@tinyurl.com,Female,S,1
583,Rubin,Perrat,12,rperratg6@angelfire.com,Female,M,2
584,Alicea,Spur,22,aspurg7@vkontakte.ru,Male,2XL,1
585,Fonz,Trivett,32,ftrivettg8@adobe.com,Female,M,1
586,Marcela,Longmaid,32,mlongmaidg9@buzzfeed.com,Female,XL,1
587,Helli,Caldecutt,12,hcaldecuttga@un.org,Male,XL,2
588,Kerk,Rizon,12,krizongb@zimbio.com,Male,3XL,4
589,Elle,Utteridge,12,eutteridgegc@reddit.com,Female,3XL,5
590,Tuck,Tatchell,32,ttatchellgd@yandex.ru,Female,2XL,4
591,Kristine,Rudall,12,krudallge@ucoz.ru,Male,M,5
592,Aila,Ivic,42,aivicgf@ning.com,Female,L,4
593,Sean,Richardet,12,srichardetgg@nyu.edu,Male,3XL,4
594,Alon,Soggee,42,asoggeegh@de.vu,Female,S,2
595,Joly,Macartney,32,jmacartneygi@google.com.br,Female,XL,5
596,Janene,Keddie,32,jkeddiegj@github.com,Male,S,4
597,Stephan,Lamkin,12,slamkingk@engadget.com,Female,M,2
598,Kristi,Staff,12,kstaffgl@typepad.com,Male,3XL,4
599,Barney,Boddice,12,bboddicegm@live.com,Bigender,XS,1
600,Sherilyn,Van Geffen,32,svangeffengn@ft.com,Female,2XL,2
601,Annalise,Zum Felde,12,azumfeldego@bravesites.com,Male,S,4
602,Bevon,Loughrey,32,bloughreygp@cyberchimps.com,Female,S,1
603,Cele,Endricci,22,cendriccigq@noaa.gov,Genderqueer,XS,5
604,Joyan,Rumble,22,jrumblegr@harvard.edu,Female,3XL,1
605,Garek,Tremethack,12,gtremethackgs@geocities.com,Male,XS,2
606,Rosene,Hugh,32,rhughgt@utexas.edu,Female,3XL,1
607,Lenette,Caroline,22,lcarolinegu@purevolume.com,Female,M,1
608,Shayla,Fessler,42,sfesslergv@ca.gov,Male,L,1
609,Kalle,Hocking,42,khockinggw@cloudflare.com,Male,XS,2
610,Levon,Menure,32,lmenuregx@addtoany.com,Male,XS,2
611,Ingrim,Hillatt,32,ihillattgy@google.nl,Male,XS,4
612,Loretta,Scneider,32,lscneidergz@vimeo.com,Female,L,1
613,Corrinne,Legh,32,cleghh0@vistaprint.com,Male,M,4
614,Melloney,Riseborough,22,mriseboroughh1@360.cn,Male,2XL,2
615,Tommie,Pitceathly,12,tpitceathlyh2@epa.gov,Female,2XL,4
616,Jonah,Castard,22,jcastardh3@princeton.edu,Female,2XL,5
617,Rickie,Craggs,12,rcraggsh4@tuttocitta.it,Male,2XL,1
618,Bradan,Simoneschi,32,bsimoneschih5@oracle.com,Female,S,3
619,Lazarus,Wedge,42,lwedgeh6@cnbc.com,Female,3XL,2
620,Tannie,Evitts,12,tevittsh7@amazon.co.uk,Female,2XL,4
621,Brant,Dodsworth,12,bdodsworthh8@auda.org.au,Female,L,1
622,Annie,Reiglar,22,areiglarh9@tuttocitta.it,Female,XL,5
623,Pavia,Leguey,42,plegueyha@e-recht24.de,Female,2XL,1
624,Deb,Tame,12,dtamehb@examiner.com,Female,L,2
625,Alfredo,Jiroudek,12,,,2XL,3
626,Perren,Savatier,42,psavatierhd@canalblog.com,Male,L,2
627,Clint,Yoselevitch,12,cyoselevitchhe@linkedin.com,Female,3XL,1
628,Laurens,Challice,12,lchallicehf@pen.io,Female,2XL,2
629,Roddy,Sympson,22,rsympsonhg@i2i.jp,Female,S,1
630,Siffre,de Marco,32,sdemarcohh@altervista.org,Genderfluid,L,2
631,Blaire,Pressdee,42,bpressdeehi@ameblo.jp,Male,L,1
632,Carolee,Winscum,32,cwinscumhj@homestead.com,Male,XS,1
633,Mahmud,Blincoe,12,mblincoehk@china.com.cn,Female,S,2
634,Codie,Frier,42,cfrierhl@paypal.com,Genderqueer,XS,1
635,Nicolea,Treasure,12,ntreasurehm@marriott.com,Female,XS,2
636,Lidia,Micheau,12,lmicheauhn@cisco.com,Female,L,4
637,Dalenna,Simeoli,42,dsimeoliho@google.ru,Male,3XL,3
638,Manfred,Theurer,42,mtheurerhp@qq.com,Male,L,2
639,Devina,Antunez,42,dantunezhq@noaa.gov,Genderfluid,L,4
640,Shaylah,Prose,22,sprosehr@ft.com,Female,XL,1
641,Hakim,Jackling,32,hjacklinghs@ameblo.jp,Female,L,1
642,Fernandina,Molloy,32,fmolloyht@topsy.com,Female,XS,1
643,Devin,Sopp,12,dsopphu@redcross.org,Female,M,3
644,Rey,Coche,22,rcochehv@feedburner.com,Male,S,3
645,Tades,Kernaghan,32,tkernaghanhw@answers.com,Female,L,3
646,Dominik,Tilmouth,12,dtilmouthhx@ameblo.jp,Female,3XL,2
647,Shandy,Raynard,32,sraynardhy@cargocollective.com,Male,XL,1
648,Wilhelm,Dubbin,32,wdubbinhz@nydailynews.com,Female,L,2
649,Nollie,Bouchier,12,nbouchieri0@pcworld.com,Male,M,3
650,Patrizio,Oakton,12,poaktoni1@is.gd,Male,2XL,3
651,Lula,Brewood,22,lbrewoodi2@lulu.com,Male,M,5
652,Leigha,Marguerite,22,lmargueritei3@wsj.com,Female,3XL,1
653,Barton,Todd,12,btoddi4@wsj.com,Female,L,1
654,Trix,Josling,22,tjoslingi5@networkadvertising.org,Male,S,2
655,Mordecai,Romaint,42,mromainti6@livejournal.com,Female,XS,1
656,Taylor,Stonestreet,12,tstonestreeti7@timesonline.co.uk,Female,2XL,2
657,Ivory,Carverhill,22,icarverhilli8@jimdo.com,Bigender,S,3
658,Ezri,MacAlester,12,emacalesteri9@fotki.com,Male,M,2
659,Kearney,Dory,42,kdoryia@bloglovin.com,Female,L,1
660,Pietro,Rosel,12,proselib@nps.gov,Male,M,2
661,Galven,Trobridge,12,gtrobridgeic@privacy.gov.au,Female,L,2
662,Bernardo,Yourell,42,byourellid@unblog.fr,Non-binary,XL,4
663,Hervey,Pideon,42,hpideonie@spotify.com,Female,L,2
664,Kerk,Takos,42,ktakosif@wiley.com,Male,3XL,3
665,Thatch,Tonkinson,12,ttonkinsonig@buzzfeed.com,Female,3XL,1
666,Carolin,Vaney,12,cvaneyih@creativecommons.org,Male,XL,1
667,Maryl,Latey,32,mlateyii@xing.com,Non-binary,L,2
668,Calley,Austin,32,caustinij@drupal.org,Male,M,3
669,Dorita,Canaan,42,dcanaanik@reverbnation.com,Female,2XL,4
670,Milka,Curphey,32,mcurpheyil@tinyurl.com,Polygender,L,1
671,Dara,Pasley,42,dpasleyim@businesswire.com,Male,S,3
672,Meyer,Millgate,32,mmillgatein@jalbum.net,Male,2XL,3
673,Giorgi,Gronou,42,ggronouio@latimes.com,Female,M,1
674,Hervey,Shenton,42,hshentonip@patch.com,Male,L,3
675,Rick,Goshawk,22,rgoshawkiq@nationalgeographic.com,Female,2XL,1
676,Gasper,Boother,22,gbootherir@kickstarter.com,Male,M,1
677,Margarette,Campanelle,12,mcampanelleis@epa.gov,Female,XL,2
678,Juieta,Ivashnyov,12,jivashnyovit@amazonaws.com,Female,XS,1
679,Yuri,Rodinger,12,yrodingeriu@jiathis.com,Polygender,S,1
680,Bancroft,Bartomieu,42,bbartomieuiv@paypal.com,Female,XS,1
681,Dexter,Woolger,12,dwoolgeriw@newyorker.com,Female,XS,2
682,Levy,Schrir,12,lschririx@blogspot.com,Male,M,2
683,Rosco,Daftor,12,rdaftoriy@tuttocitta.it,Male,S,3
684,Jewelle,Johncey,22,jjohnceyiz@oracle.com,Non-binary,L,2
685,Melicent,Padfield,12,mpadfieldj0@wiley.com,Male,XS,3
686,Vladimir,Huckerbe,22,vhuckerbej1@goo.gl,Female,S,3
687,Mozelle,Aylesbury,22,maylesburyj2@cam.ac.uk,Female,S,4
688,Jaquith,Goodwell,12,jgoodwellj3@java.com,Male,M,3
689,Jody,Cole,12,jcolej4@harvard.edu,Male,M,1
690,Vernor,Jeanel,42,vjeanelj5@nps.gov,Female,XL,1
691,Leisha,Dadson,32,ldadsonj6@mit.edu,Male,XS,5
692,Venus,Chapleo,32,vchapleoj7@microsoft.com,Female,S,1
693,Humfrid,Crebbin,32,hcrebbinj8@xrea.com,Female,2XL,5
694,Aida,Gatecliffe,12,agatecliffej9@timesonline.co.uk,Female,3XL,1
695,Brande,Gerrie,42,bgerrieja@bloglovin.com,Female,2XL,3
696,Gill,Inge,12,gingejb@simplemachines.org,Male,M,2
697,Rosemarie,Yakhin,12,ryakhinjc@github.io,Female,3XL,4
698,Ellie,Gabbitas,22,egabbitasjd@weibo.com,Male,L,3
699,Sophie,Lavin,12,slavinje@mail.ru,Male,2XL,1
700,Stormi,Rippingall,12,srippingalljf@youtube.com,Female,2XL,2
701,Patin,Virr,22,pvirrjg@exblog.jp,Male,M,3
702,Dorotea,Scadden,22,dscaddenjh@163.com,Male,2XL,1
703,Jamil,Davidovics,32,jdavidovicsji@yahoo.com,Polygender,M,1
704,Ross,Rapin,42,rrapinjj@deliciousdays.com,Male,S,2
705,Karita,Coakley,32,kcoakleyjk@auda.org.au,Male,XL,5
706,Broddy,Gooly,32,bgoolyjl@bloomberg.com,Male,3XL,3
707,Hilda,Olivas,42,holivasjm@latimes.com,Female,S,5
708,Avrom,Bambury,32,abamburyjn@e-recht24.de,Male,3XL,1
709,Wynne,Gellier,22,wgellierjo@home.pl,Female,3XL,1
710,Murry,Gwyer,12,mgwyerjp@dyndns.org,Female,XS,1
711,Idaline,Coleson,22,icolesonjq@fema.gov,Male,S,1
712,Domini,Kenewel,22,dkeneweljr@hao123.com,Male,XL,4
713,Chance,Alderton,32,caldertonjs@dailymotion.com,Female,XS,2
714,Goldie,Lardner,12,glardnerjt@shutterfly.com,Male,XS,4
715,Mara,Baldree,12,mbaldreeju@sohu.com,Male,L,2
716,Sheelagh,Umbert,32,sumbertjv@about.me,Male,3XL,4
717,Perren,Hartmann,12,phartmannjw@discuz.net,Female,3XL,1
718,Melany,Feld,32,mfeldjx@cargocollective.com,Female,XS,3
719,Melamie,Rutty,42,mruttyjy@xinhuanet.com,Female,L,4
720,Vinita,Grimolbie,22,vgrimolbiejz@abc.net.au,Female,L,4
721,Carlotta,Van Castele,42,cvancastelek0@cbsnews.com,Male,S,4
722,Analise,Dunridge,22,adunridgek1@livejournal.com,Male,S,5
723,Hollyanne,Eccles,32,hecclesk2@ihg.com,Female,3XL,1
724,Ewart,Jellard,42,ejellardk3@merriam-webster.com,Genderfluid,XS,3
725,Berenice,Ruberry,12,bruberryk4@example.com,Male,XS,2
726,Christiane,Hinrichsen,42,chinrichsenk5@google.co.jp,Male,M,2
727,Cathee,Margrie,42,cmargriek6@state.tx.us,Male,S,1
728,Pearla,MacArte,32,pmacartek7@paginegialle.it,Female,3XL,4
729,Rosy,Hatje,12,rhatjek8@icio.us,Male,2XL,4
730,Harlen,Lindro,32,hlindrok9@ft.com,Male,S,2
731,Byram,Jobin,12,bjobinka@msn.com,Male,M,4
732,Gunar,Scholer,22,gscholerkb@reference.com,Male,XL,1
733,Maurise,Jerrim,12,mjerrimkc@hibu.com,Male,3XL,2
734,Cole,Hatterslay,12,chatterslaykd@sciencedirect.com,Female,2XL,4
735,Rockwell,Hember,42,,,L,1
736,Morrie,Ragge,12,mraggekf@reddit.com,Genderfluid,2XL,5
737,Reinwald,Sikorski,32,rsikorskikg@naver.com,Male,L,3
738,Barbey,Fitzpayn,32,bfitzpaynkh@hao123.com,Female,S,1
739,Celisse,Ebbing,42,cebbingki@theguardian.com,Male,2XL,4
740,Saidee,Mohan,42,smohankj@webmd.com,Male,M,3
741,Colas,Auden,32,caudenkk@studiopress.com,Male,2XL,2
742,Jacintha,Musker,32,jmuskerkl@boston.com,Female,L,1
743,Markos,Gaskell,42,mgaskellkm@nature.com,Female,XL,5
744,Caryn,Rowett,32,crowettkn@statcounter.com,Male,S,2
745,Serene,Barabich,42,,,S,3
746,Forest,Beaston,12,fbeastonkp@e-recht24.de,Genderqueer,3XL,3
747,Ashien,Tomsa,12,atomsakq@wikimedia.org,Male,3XL,1
748,Aldrich,Gehringer,42,agehringerkr@mac.com,Female,2XL,4
749,Weidar,Muzzillo,22,wmuzzilloks@com.com,Male,XS,5
750,Ly,Towhey,12,ltowheykt@cnbc.com,Female,XL,1
751,Lanie,Hagwood,22,lhagwoodku@ft.com,Female,S,4
752,Abbe,Leuchars,12,aleucharskv@elpais.com,Male,L,1
753,Justen,Gjerde,12,jgjerdekw@scribd.com,Female,XL,2
754,Lucila,Raynham,12,lraynhamkx@census.gov,Female,XL,4
755,Bar,Slowly,42,bslowlyky@facebook.com,Male,S,1
756,Tanny,Matkovic,32,tmatkovickz@bizjournals.com,Female,2XL,4
757,Seamus,Elington,32,selingtonl0@canalblog.com,Male,L,2
758,Ganny,O'Driscole,22,godriscolel1@google.pl,Bigender,L,2
759,Archibald,Catcheside,42,acatchesidel2@cafepress.com,Male,S,4
760,Corbin,Lebourn,32,clebournl3@unicef.org,Male,L,4
761,Lenora,Jellett,12,,,XS,4
762,Cornall,Cleator,42,ccleatorl5@amazon.de,Female,XL,2
763,Morna,Peppett,12,mpeppettl6@utexas.edu,Genderqueer,3XL,3
764,Glynn,Yitzhok,12,gyitzhokl7@addthis.com,Female,L,2
765,Lenci,Dennant,12,ldennantl8@elegantthemes.com,Male,S,1
766,Magdalena,Bruun,12,mbruunl9@bloglines.com,Female,XL,3
767,Illa,Swains,12,iswainsla@samsung.com,Male,XS,3
768,Llewellyn,Alwin,12,lalwinlb@pagesperso-orange.fr,Female,M,5
769,Ethyl,Perri,42,eperrilc@illinois.edu,Female,XL,2
770,Selia,Logan,22,sloganld@constantcontact.com,Male,2XL,2
771,Peadar,Lawes,12,plawesle@reverbnation.com,Female,XS,3
772,Marney,Burkin,32,mburkinlf@typepad.com,Female,XS,1
773,Jourdan,Benck,32,jbencklg@php.net,Female,M,1
774,Kirsten,Cullimore,12,kcullimorelh@shop-pro.jp,Female,3XL,1
775,Muire,Yakov,42,myakovli@amazon.de,Female,XL,3
776,Mariel,Gueinn,42,mgueinnlj@merriam-webster.com,Female,M,1
777,Angelina,Marlor,42,amarlorlk@seattletimes.com,Female,L,1
778,Hollie,Mendoza,42,hmendozall@tumblr.com,Female,2XL,1
779,Benito,Knivett,22,bknivettlm@marriott.com,Female,S,4
780,Silvie,Hawse,12,shawseln@usda.gov,Female,XS,3
781,Willey,Germann,22,wgermannlo@cyberchimps.com,Male,L,1
782,Brockie,Delong,12,bdelonglp@intel.com,Male,3XL,2
783,Elke,Jacobs,42,ejacobslq@ebay.co.uk,Male,L,3
784,Gonzales,Couche,12,gcouchelr@ucoz.ru,Male,L,1
785,Kerk,Oslar,32,,,M,4
786,Modesty,Bohlje,42,mbohljelt@eepurl.com,Female,S,3
787,Chip,Linney,12,clinneylu@php.net,Male,M,2
788,Tracey,Culbard,22,tculbardlv@sina.com.cn,Non-binary,XS,2
789,Fidole,Adshede,32,fadshedelw@guardian.co.uk,Male,M,2
790,Leticia,Bayle,12,lbaylelx@trellian.com,Female,3XL,1
791,Brenda,Joreau,42,bjoreauly@webs.com,Male,XL,4
792,Berton,Darey,42,bdareylz@bloglines.com,Male,3XL,4
793,Felice,Yellop,42,fyellopm0@elegantthemes.com,Male,L,3
794,Noelle,La Wille,32,nlawillem1@live.com,Male,M,2
795,Alisa,Giraudeau,12,agiraudeaum2@hostgator.com,Agender,2XL,4
796,Chan,Puttergill,12,cputtergillm3@theglobeandmail.com,Female,S,1
797,Alfy,Blagburn,32,ablagburnm4@mail.ru,Male,XS,2
798,Bea,Farres,12,bfarresm5@upenn.edu,Male,3XL,1
799,Siward,Pilger,12,,,S,4
800,Bronnie,Billin,22,bbillinm7@weather.com,Bigender,L,3
801,Hildy,Dockwra,42,hdockwram8@gizmodo.com,Male,L,1
802,Leandra,Curuclis,32,lcuruclism9@hexun.com,Female,2XL,2
803,Vinnie,Roseburgh,12,vroseburghma@cornell.edu,Female,L,1
804,Yanaton,Brendel,22,ybrendelmb@com.com,Male,M,3
805,Myranda,Cahalin,12,mcahalinmc@drupal.org,Agender,M,1
806,Omero,Paff,12,opaffmd@vistaprint.com,Female,XL,5
807,Oberon,Aldred,32,oaldredme@flickr.com,Female,M,1
808,Ianthe,Shard,22,ishardmf@paginegialle.it,Female,XL,2
809,Julietta,Sloy,12,jsloymg@berkeley.edu,Male,S,2
810,Karola,Itzcovichch,32,kitzcovichchmh@virginia.edu,Male,S,1
811,Ursuline,Rosendahl,42,urosendahlmi@163.com,Female,3XL,5
812,Monroe,Rayworth,42,mrayworthmj@google.com.hk,Female,3XL,4
813,Petra,Lavelle,22,plavellemk@topsy.com,Male,2XL,4
814,Shanda,Tatford,22,statfordml@bandcamp.com,Female,3XL,1
815,Coleen,Ormond,12,cormondmm@t-online.de,Female,S,3
816,Maximilien,Woodruff,42,mwoodruffmn@dmoz.org,Female,S,2
817,Nadean,Romand,12,nromandmo@skyrock.com,Female,L,4
818,Sherline,Wile,22,swilemp@netscape.com,Male,S,3
819,Raffaello,Giorgione,32,rgiorgionemq@aboutads.info,Female,M,3
820,Dacey,Otteridge,22,dotteridgemr@tinyurl.com,Male,3XL,4
821,Gusella,Bukowski,22,gbukowskims@deliciousdays.com,Male,L,2
822,Terry,Going,22,tgoingmt@oaic.gov.au,Female,M,2
823,Tory,McGaffey,12,tmcgaffeymu@webmd.com,Male,M,5
824,Violette,Tamsett,12,vtamsettmv@uiuc.edu,Genderfluid,L,2
825,Piper,Northleigh,12,pnorthleighmw@feedburner.com,Male,3XL,1
826,Kalvin,Lovell,22,klovellmx@jalbum.net,Male,2XL,5
827,Coretta,Thurborn,12,cthurbornmy@cisco.com,Female,L,3
828,Catharine,Slora,32,csloramz@wsj.com,Non-binary,2XL,3
829,Heriberto,Wallenger,32,hwallengern0@twitpic.com,Polygender,XS,3
830,Raf,Hugle,12,rhuglen1@shop-pro.jp,Male,L,4
831,Dante,Hucquart,22,dhucquartn2@angelfire.com,Female,2XL,4
832,Delilah,Beardsell,12,dbeardselln3@nytimes.com,Female,L,2
833,Dyann,Pleaden,32,dpleadenn4@smh.com.au,Male,3XL,1
834,Beverie,Zack,12,bzackn5@blogtalkradio.com,Male,XL,1
835,Geno,Merlin,22,,,M,1
836,Isabelle,Bearsmore,22,ibearsmoren7@domainmarket.com,Male,S,1
837,Ophelie,Drinkwater,12,odrinkwatern8@state.tx.us,Male,M,2
838,Christos,Hardingham,22,chardinghamn9@youku.com,Female,XL,1
839,Blanche,Keoghan,22,bkeoghanna@newsvine.com,Male,2XL,1
840,Orel,Bleackly,12,obleacklynb@cam.ac.uk,Female,M,2
841,Reginald,Totman,32,rtotmannc@gizmodo.com,Female,3XL,2
842,Thurstan,Vamplers,42,tvamplersnd@economist.com,Female,XL,4
843,Rudolf,Medforth,42,rmedforthne@gnu.org,Male,XS,1
844,Giffard,Kellert,42,gkellertnf@latimes.com,Male,2XL,3
845,Avram,Daverin,42,adaverinng@list-manage.com,Male,L,1
846,Harry,Lawlee,12,hlawleenh@arstechnica.com,Female,XL,4
847,Marjory,Jeffs,12,mjeffsni@sina.com.cn,Male,3XL,5
848,Maryjane,Turbern,12,mturbernnj@clickbank.net,Male,3XL,3
849,Vasili,Enocksson,22,venockssonnk@bbb.org,Female,L,4
850,Fredericka,Raynes,12,fraynesnl@php.net,Male,L,3
851,Erick,Filasov,42,efilasovnm@gnu.org,Male,XS,5
852,Camile,McIntosh,22,cmcintoshnn@java.com,Male,3XL,3
853,Phyllida,Lochet,12,plochetno@washington.edu,Non-binary,XL,2
854,Rae,Hawarden,12,rhawardennp@a8.net,Male,M,3
855,Sabrina,Gaskin,32,sgaskinnq@oracle.com,Female,S,2
856,Archibaldo,Metzig,12,ametzignr@marketwatch.com,Male,XL,4
857,Dennison,Winham,12,dwinhamns@rambler.ru,Male,S,4
858,Caz,Strotton,32,cstrottonnt@cbc.ca,Male,XL,3
859,Sharla,Farryann,12,sfarryannnu@lulu.com,Agender,3XL,4
860,Cristi,Crapper,22,ccrappernv@about.me,Male,2XL,5
861,Cordie,Hufton,32,chuftonnw@flavors.me,Female,3XL,1
862,Brantley,Railton,22,brailtonnx@ameblo.jp,Genderqueer,XL,5
863,Camella,Fallawe,42,cfallaweny@sciencedaily.com,Male,L,2
864,Korey,Quinet,12,kquinetnz@parallels.com,Male,3XL,4
865,Almire,Waplington,22,awaplingtono0@amazon.com,Female,2XL,4
866,Clea,Roddie,12,croddieo1@google.pl,Genderfluid,XS,1
867,Fanny,Grassi,12,fgrassio2@skyrock.com,Female,L,1
868,Dennis,O'Hartagan,22,dohartagano3@reference.com,Female,L,4
869,Chantalle,Klimashevich,32,cklimashevicho4@skype.com,Polygender,M,1
870,Nissy,Jeggo,32,njeggoo5@dot.gov,Male,S,1
871,Marna,Noraway,12,mnorawayo6@facebook.com,Female,S,3
872,Glenine,Pickerin,32,gpickerino7@bravesites.com,Male,2XL,3
873,Angeline,Necolds,22,anecoldso8@loc.gov,Male,2XL,4
874,Matti,Corde,12,mcordeo9@examiner.com,Female,M,3
875,Thia,Rolfi,12,trolfioa@amazonaws.com,Female,3XL,3
876,Wanids,Berzon,12,wberzonob@twitter.com,Female,M,1
877,Yvonne,Smallcombe,32,ysmallcombeoc@cbc.ca,Male,3XL,1
878,Ericha,Strudwick,22,estrudwickod@ucoz.com,Female,M,1
879,Glenine,Angrick,32,gangrickoe@blinklist.com,Female,XL,2
880,Ingunna,Romanetti,42,iromanettiof@stanford.edu,Female,3XL,3
881,Brennen,Saintpierre,32,bsaintpierreog@go.com,Female,XS,1
882,Faye,Raeside,42,fraesideoh@naver.com,Male,L,2
883,Lea,Ferrers,12,lferrersoi@tumblr.com,Female,3XL,5
884,Nalani,Mc Gorley,42,nmcgorleyoj@ibm.com,Female,M,4
885,Birgitta,Gannicleff,32,bgannicleffok@google.it,Male,3XL,4
886,Tonnie,Van Daalen,32,tvandaalenol@elegantthemes.com,Female,XS,1
887,Ingamar,Trulock,32,itrulockom@huffingtonpost.com,Female,M,1
888,Waylan,McElrea,12,wmcelreaon@cdc.gov,Male,3XL,4
889,Rosana,Gavahan,42,rgavahanoo@pcworld.com,Male,3XL,3
890,Joella,O'Cullinane,22,jocullinaneop@bbc.co.uk,Polygender,XS,4
891,Coleen,Erb,42,cerboq@admin.ch,Female,XS,5
892,Arlee,Cammish,32,acammishor@xrea.com,Male,XS,2
893,Claudine,Barends,32,cbarendsos@aboutads.info,Male,2XL,2
894,Cazzie,O'Neal,32,conealot@google.com,Male,M,1
895,Bernetta,Swyer,22,bswyerou@ucsd.edu,Male,XL,3
896,Tootsie,Puxley,42,tpuxleyov@gizmodo.com,Genderqueer,L,3
897,Lodovico,Copsey,42,lcopseyow@quantcast.com,Female,L,3
898,Terrijo,Goldster,22,tgoldsterox@bandcamp.com,Female,L,1
899,Rahel,Osant,32,rosantoy@weibo.com,Male,XS,4
900,Clair,Scanes,12,cscanesoz@pagesperso-orange.fr,Female,2XL,1
901,Starlin,Chaudron,32,schaudronp0@blog.com,Female,S,3
902,Kin,Triplet,22,ktripletp1@hhs.gov,Female,S,4
903,Inglis,Heskins,32,iheskinsp2@plala.or.jp,Female,2XL,1
904,Vernen,Blackeby,12,vblackebyp3@tripod.com,Male,XS,1
905,Rozanna,Bartolomivis,42,rbartolomivisp4@omniture.com,Genderqueer,3XL,1
906,Jacqui,Dissman,12,jdissmanp5@godaddy.com,Female,M,2
907,Kipp,Hargrove,12,khargrovep6@wordpress.com,Male,S,5
908,Ringo,Eite,12,reitep7@newsvine.com,Male,3XL,1
909,Annie,Damiata,12,adamiatap8@gmpg.org,Male,XL,2
910,Caryl,Hawkshaw,12,chawkshawp9@jiathis.com,Female,3XL,4
911,Ramona,Shinner,22,rshinnerpa@ucoz.ru,Male,3XL,3
912,Mommy,Jarrel,12,mjarrelpb@xing.com,Female,S,4
913,Dorrie,Lennie,12,dlenniepc@shutterfly.com,Male,M,2
914,Elnora,Pretsell,32,epretsellpd@oracle.com,Female,3XL,2
915,Stormi,Hawkswell,22,shawkswellpe@zdnet.com,Female,L,1
916,Cointon,Blanchard,42,cblanchardpf@umich.edu,Non-binary,M,1
917,Briney,Cockson,32,bcocksonpg@nyu.edu,Female,XL,1
918,Carlee,Tesyro,32,ctesyroph@tripod.com,Male,M,1
919,Rubi,Tibb,42,rtibbpi@cnet.com,Male,L,3
920,Nicky,Birchenough,12,nbirchenoughpj@discovery.com,Female,M,4
921,Rois,Eaton,42,reatonpk@nasa.gov,Female,3XL,1
922,Jobye,Nunns,12,jnunnspl@tinypic.com,Agender,2XL,2
923,Shaine,Patel,42,spatelpm@artisteer.com,Male,S,5
924,Bernetta,Stoffler,12,bstofflerpn@geocities.com,Agender,M,2
925,Land,Kilbane,12,lkilbanepo@mapquest.com,Female,2XL,2
926,Fidole,Swale,12,fswalepp@amazon.com,Male,2XL,3
927,Thomasina,Moorerud,22,tmoorerudpq@oakley.com,Male,3XL,4
928,Grant,Dyche,12,gdychepr@ask.com,Female,M,4
929,Ofella,Dumpleton,12,odumpletonps@skyrock.com,Male,S,3
930,Ailene,De Beneditti,32,adebenedittipt@amazonaws.com,Female,XL,5
931,Silvie,Morton,32,smortonpu@addtoany.com,Female,2XL,5
932,Anthea,Barnewelle,12,abarnewellepv@ameblo.jp,Female,S,1
933,Bernarr,Tondeur,22,btondeurpw@spiegel.de,Male,M,2
934,Glenden,Voase,42,gvoasepx@businesswire.com,Male,M,5
935,Myron,Boxen,42,mboxenpy@oracle.com,Male,XL,3
936,Findlay,Kite,32,fkitepz@exblog.jp,Female,S,1
937,Arne,Leall,12,aleallq0@theatlantic.com,Non-binary,L,1
938,Julie,Renhard,12,jrenhardq1@xinhuanet.com,Female,2XL,1
939,Jaynell,Newrick,32,jnewrickq2@tiny.cc,Female,XL,1
940,Vassily,Lembrick,42,vlembrickq3@pinterest.com,Male,M,5
941,Reagen,Lucien,42,rlucienq4@webmd.com,Female,S,1
942,Mary,Wyeth,42,mwyethq5@google.co.uk,Male,3XL,4
943,Orren,Rachuig,12,orachuigq6@privacy.gov.au,Male,XS,3
944,Caryn,Hardaker,42,chardakerq7@dailymotion.com,Female,M,1
945,Lucian,MacCleay,42,lmaccleayq8@yahoo.co.jp,Male,XS,1
946,Emmeline,Bresland,22,ebreslandq9@theguardian.com,Male,XS,1
947,Bobbee,Chiommienti,12,bchiommientiqa@canalblog.com,Female,M,3
948,Issi,Dudeney,12,idudeneyqb@cam.ac.uk,Male,L,4
949,Sayre,Brixham,32,sbrixhamqc@people.com.cn,Male,XS,1
950,Lorain,Ruselin,32,lruselinqd@netvibes.com,Female,M,2
951,Elene,Chadwyck,12,echadwyckqe@tmall.com,Male,3XL,2
952,Karil,Dilleway,22,kdillewayqf@slate.com,Non-binary,L,2
953,Wheeler,Crombleholme,32,wcrombleholmeqg@about.com,Male,M,3
954,Rheta,Van Halle,12,rvanhalleqh@google.com,Female,XL,1
955,Algernon,Anthiftle,32,aanthiftleqi@github.com,Female,S,4
956,Anatola,Tinan,12,atinanqj@cdc.gov,Genderqueer,2XL,1
957,Robbyn,Sparshott,12,rsparshottqk@youtu.be,Male,3XL,1
958,Delinda,Yokelman,32,dyokelmanql@purevolume.com,Male,XS,2
959,Alene,Bleackley,32,ableackleyqm@sphinn.com,Female,2XL,3
960,Gallard,Coenraets,32,gcoenraetsqn@liveinternet.ru,Male,2XL,2
961,Dasie,Revell,12,drevellqo@amazon.co.uk,Female,XL,3
962,Waldo,Colkett,32,wcolkettqp@geocities.com,Male,XL,4
963,Sherie,Brunone,22,sbrunoneqq@ovh.net,Female,XL,5
964,Carling,Valti,12,cvaltiqr@slideshare.net,Male,S,1
965,Shanie,Blaxton,32,sblaxtonqs@printfriendly.com,Female,M,1
966,Shantee,MacLeod,22,smacleodqt@domainmarket.com,Female,XS,4
967,Powell,Bolin,12,pbolinqu@rakuten.co.jp,Male,2XL,3
968,Calida,Hampson,22,champsonqv@boston.com,Genderqueer,L,2
969,Egor,Kivelhan,32,ekivelhanqw@bigcartel.com,Female,L,1
970,Carmela,Sollas,12,csollasqx@yolasite.com,Male,3XL,2
971,Marie-jeanne,Sauter,22,msauterqy@usda.gov,Female,3XL,4
972,Lorrie,Gowdridge,12,lgowdridgeqz@google.com.br,Female,XS,1
973,Eugenia,Alldread,12,ealldreadr0@issuu.com,Female,S,1
974,Sheree,Moberley,12,smoberleyr1@ifeng.com,Non-binary,XL,2
975,Fiorenze,Suero,22,fsueror2@seesaa.net,Male,XL,5
976,Sander,Girardez,12,sgirardezr3@xing.com,Male,L,1
977,Agna,Cloonan,12,acloonanr4@bravesites.com,Male,S,4
978,Frasco,Mines,42,fminesr5@eepurl.com,Female,2XL,1
979,Michele,Bielfelt,42,mbielfeltr6@homestead.com,Female,2XL,4
980,Quintana,Rohlf,32,qrohlfr7@sakura.ne.jp,Female,L,1
981,Emery,O'Hanley,12,eohanleyr8@sogou.com,Female,XL,3
982,Hailey,Izzard,42,hizzardr9@hhs.gov,Female,S,3
983,Emmy,Galland,32,egallandra@cdbaby.com,Female,L,5
984,Grange,Grenville,22,ggrenvillerb@wikipedia.org,Female,XS,4
985,Pat,Lively,12,plivelyrc@washingtonpost.com,Female,L,3
986,Janeva,Bramich,42,jbramichrd@sun.com,Female,3XL,4
987,Kelli,Sollars,12,ksollarsre@mac.com,Male,M,3
988,Mable,Lauritsen,12,mlauritsenrf@ed.gov,Female,S,1
989,Alex,Crielly,12,acriellyrg@china.com.cn,Female,L,1
990,Sorcha,Siddeley,42,ssiddeleyrh@mozilla.org,Male,XS,4
991,Amabel,Elstub,12,aelstubri@shop-pro.jp,Male,XL,5
992,Niall,McGeachy,32,nmcgeachyrj@bravesites.com,Male,S,5
993,Karola,Abendroth,32,kabendrothrk@histats.com,Male,S,5
994,Sal,Upstell,22,supstellrl@vkontakte.ru,Male,M,2
995,Nehemiah,Jaulme,22,njaulmerm@hud.gov,Female,L,4
996,Georg,Sawday,42,gsawdayrn@typepad.com,Female,S,3
997,Kylen,Prangnell,32,kprangnellro@seattletimes.com,Male,M,4
998,Rozanne,Longcake,12,rlongcakerp@cocolog-nifty.com,Female,3XL,1
999,Mallory,Blodgetts,42,mblodgettsrq@nhs.uk,Male,XL,4
1000,Lammond,Kalewe,12,lkalewerr@oaic.gov.au,Female,XL,4
